{
	"info": {
		"_postman_id": "cd676b62-34cf-480d-a2d2-2112749a05e4",
		"name": "TASK_CONTROLLER",
		"schema": "https://schema.getpostman.com/json/collection/v2.1.0/collection.json"
	},
	"item": [
		{
			"name": "Lists Tasks",
			"request": {
				"method": "GET",
				"header": [
					{
						"key": "Celonis-Auth",
						"value": "totally_secret",
						"type": "text"
					}
				],
				"url": {
					"raw": "http://localhost:8080/api/tasks/",
					"protocol": "http",
					"host": [
						"localhost"
					],
					"port": "8080",
					"path": [
						"api",
						"tasks",
						""
					]
				}
			},
			"response": []
		},
		{
			"name": "Create Task",
			"request": {
				"method": "POST",
				"header": [
					{
						"key": "Celonis-Auth",
						"value": "totally_secret",
						"type": "text"
					}
				],
				"body": {
					"mode": "raw",
					"raw": "{\r\n  \"name\": \"My task 1\"\r\n}",
					"options": {
						"raw": {
							"language": "json"
						}
					}
				},
				"url": {
					"raw": "http://localhost:8080/api/tasks/",
					"protocol": "http",
					"host": [
						"localhost"
					],
					"port": "8080",
					"path": [
						"api",
						"tasks",
						""
					]
				}
			},
			"response": []
		},
		{
			"name": "Get Task",
			"protocolProfileBehavior": {
				"disableBodyPruning": true
			},
			"request": {
				"method": "GET",
				"header": [
					{
						"key": "Celonis-Auth",
						"value": "totally_secret",
						"type": "text"
					}
				],
				"body": {
					"mode": "raw",
					"raw": "{\r\n  \"name\": \"My task 1\"\r\n}",
					"options": {
						"raw": {
							"language": "json"
						}
					}
				},
				"url": {
					"raw": "http://localhost:8080/api/tasks/6f34300b-0819-4149-8953-b44e5a949ea7",
					"protocol": "http",
					"host": [
						"localhost"
					],
					"port": "8080",
					"path": [
						"api",
						"tasks",
						"6f34300b-0819-4149-8953-b44e5a949ea7"
					]
				}
			},
			"response": []
		},
		{
			"name": "Update Task",
			"request": {
				"method": "PUT",
				"header": [
					{
						"key": "Celonis-Auth",
						"value": "totally_secret",
						"type": "text"
					}
				],
				"body": {
					"mode": "raw",
					"raw": "{\r\n  \"creationDate\": \"2021-12-17T12:51:55.884Z\",\r\n  \"name\": \"Task 2\"\r\n}",
					"options": {
						"raw": {
							"language": "json"
						}
					}
				},
				"url": {
					"raw": "http://localhost:8080/api/tasks/6f34300b-0819-4149-8953-b44e5a949ea7",
					"protocol": "http",
					"host": [
						"localhost"
					],
					"port": "8080",
					"path": [
						"api",
						"tasks",
						"6f34300b-0819-4149-8953-b44e5a949ea7"
					]
				}
			},
			"response": []
		},
		{
			"name": "Delete Task",
			"request": {
				"method": "DELETE",
				"header": [
					{
						"key": "Celonis-Auth",
						"value": "totally_secret",
						"type": "text"
					}
				],
				"body": {
					"mode": "raw",
					"raw": "{\r\n  \"creationDate\": \"2021-12-17T12:51:55.884Z\",\r\n  \"name\": \"Task 2\"\r\n}",
					"options": {
						"raw": {
							"language": "json"
						}
					}
				},
				"url": {
					"raw": "http://localhost:8080/api/tasks/6f34300b-0819-4149-8953-b44e5a949ea7",
					"protocol": "http",
					"host": [
						"localhost"
					],
					"port": "8080",
					"path": [
						"api",
						"tasks",
						"6f34300b-0819-4149-8953-b44e5a949ea7"
					]
				}
			},
			"response": []
		},
		{
			"name": "Execute Task",
			"request": {
				"method": "POST",
				"header": [
					{
						"key": "Celonis-Auth",
						"value": "totally_secret",
						"type": "text"
					}
				],
				"body": {
					"mode": "raw",
					"raw": "{\r\n  \"creationDate\": \"2021-12-17T12:51:55.884Z\",\r\n  \"name\": \"Task 2\"\r\n}",
					"options": {
						"raw": {
							"language": "json"
						}
					}
				},
				"url": {
					"raw": "http://localhost:8080/api/tasks/5effd596-90eb-4983-b18a-87eb58b0192f/execute",
					"protocol": "http",
					"host": [
						"localhost"
					],
					"port": "8080",
					"path": [
						"api",
						"tasks",
						"5effd596-90eb-4983-b18a-87eb58b0192f",
						"execute"
					]
				}
			},
			"response": []
		},
		{
			"name": "Get Result Task",
			"protocolProfileBehavior": {
				"disableBodyPruning": true
			},
			"request": {
				"method": "GET",
				"header": [
					{
						"key": "Celonis-Auth",
						"value": "totally_secret",
						"type": "text"
					}
				],
				"body": {
					"mode": "raw",
					"raw": "{\r\n  \"creationDate\": \"2021-12-17T12:51:55.884Z\",\r\n  \"name\": \"Task 2\"\r\n}",
					"options": {
						"raw": {
							"language": "json"
						}
					}
				},
				"url": {
					"raw": "http://localhost:8080/api/tasks/5effd596-90eb-4983-b18a-87eb58b0192f/result",
					"protocol": "http",
					"host": [
						"localhost"
					],
					"port": "8080",
					"path": [
						"api",
						"tasks",
						"5effd596-90eb-4983-b18a-87eb58b0192f",
						"result"
					]
				}
			},
			"response": []
		}
	]
}